<annotation>
	<folder>smoke</folder>
	<filename>1499547163_+00900.jpg</filename>
	<path>/Users/haohe/Desktop/Insight/Fire/challenge1/smoke/1499547163_+00900.jpg</path>
	<source>
		<database>Unknown</database>
	</source>
	<size>
		<width>3072</width>
		<height>2048</height>
		<depth>3</depth>
	</size>
	<segmented>0</segmented>
	<object>
		<name>fire</name>
		<pose>Unspecified</pose>
		<truncated>0</truncated>
		<difficult>0</difficult>
		<bndbox>
			<xmin>1502</xmin>
			<ymin>542</ymin>
			<xmax>2280</xmax>
			<ymax>1078</ymax>
		</bndbox>
	</object>
</annotation>
