<annotation>
	<folder>smoke</folder>
	<filename>1529002580_+01620.jpg</filename>
	<path>/Users/haohe/Desktop/Insight/Fire/challenge1/smoke/1529002580_+01620.jpg</path>
	<source>
		<database>Unknown</database>
	</source>
	<size>
		<width>3072</width>
		<height>2048</height>
		<depth>3</depth>
	</size>
	<segmented>0</segmented>
	<object>
		<name>fire</name>
		<pose>Unspecified</pose>
		<truncated>0</truncated>
		<difficult>0</difficult>
		<bndbox>
			<xmin>405</xmin>
			<ymin>986</ymin>
			<xmax>1234</xmax>
			<ymax>1227</ymax>
		</bndbox>
	</object>
</annotation>
