<annotation>
	<folder>smoke</folder>
	<filename>1530902041_+00360.jpg</filename>
	<path>/Users/haohe/Desktop/Insight/Fire/challenge1/smoke/1530902041_+00360.jpg</path>
	<source>
		<database>Unknown</database>
	</source>
	<size>
		<width>3072</width>
		<height>2048</height>
		<depth>3</depth>
	</size>
	<segmented>0</segmented>
	<object>
		<name>fire</name>
		<pose>Unspecified</pose>
		<truncated>0</truncated>
		<difficult>0</difficult>
		<bndbox>
			<xmin>1707</xmin>
			<ymin>1168</ymin>
			<xmax>1988</xmax>
			<ymax>1287</ymax>
		</bndbox>
	</object>
</annotation>
