<annotation>
	<folder>smoke</folder>
	<filename>1532546665_+01740.jpg</filename>
	<path>/Users/haohe/Desktop/Insight/Fire/challenge1/smoke/1532546665_+01740.jpg</path>
	<source>
		<database>Unknown</database>
	</source>
	<size>
		<width>2048</width>
		<height>1536</height>
		<depth>3</depth>
	</size>
	<segmented>0</segmented>
	<object>
		<name>fire</name>
		<pose>Unspecified</pose>
		<truncated>0</truncated>
		<difficult>0</difficult>
		<bndbox>
			<xmin>720</xmin>
			<ymin>638</ymin>
			<xmax>848</xmax>
			<ymax>741</ymax>
		</bndbox>
	</object>
</annotation>
