<annotation>
	<folder>smoke</folder>
	<filename>1559169305_+01920.jpg</filename>
	<path>/Users/haohe/Desktop/Insight/Fire/challenge1/smoke/1559169305_+01920.jpg</path>
	<source>
		<database>Unknown</database>
	</source>
	<size>
		<width>3072</width>
		<height>2048</height>
		<depth>3</depth>
	</size>
	<segmented>0</segmented>
	<object>
		<name>fire</name>
		<pose>Unspecified</pose>
		<truncated>0</truncated>
		<difficult>0</difficult>
		<bndbox>
			<xmin>1565</xmin>
			<ymin>1171</ymin>
			<xmax>2525</xmax>
			<ymax>1337</ymax>
		</bndbox>
	</object>
</annotation>
